city-city,dist
Paris-Madrid,1054.2206353287122
Paris-Milan,643.0229493462349
Paris-Munich,687.4289556766952
Paris-Berlin,880.1220118488678
Paris-Amsterdam,428.39172758992953
Paris-Dortmund,470.1237855871516
Paris-Rome,1108.1927290162203
Paris-Hamburg,746.5469809389934
Paris-Stuttgart,504.2785214173566
Paris-Frankfurt,479.4509998778179
Paris-Stockholm,1549.2891494547255
Paris-Brussels,261.76794515586585
Paris-Vienna,1037.5263746075443
Paris-Lisbon,1453.915618536448
Paris-Marseille,662.8718230789962
Paris-Cologne,403.21546376354434
Paris-Helsinki,1913.064294477804
Paris-Lyon,392.5728724882038
Paris-Düsseldorf,412.13958196175776
Paris-Warsaw,1370.8305434249735
Paris-Rotterdam,372.31722912169107
Paris-Prague,888.5874532933881
Paris-Lille,205.50758846188836
Paris-Turin,585.4094464437643
Paris-Utrecht,410.29676912578736
Paris-Budapest,1252.1348247691296
Paris-Toulouse,587.160363437951
Paris-Bordeaux,499.15133422643027
Paris-Bucharest,1876.241728494663
Paris-Malmö,1043.244739179349
Paris-Nantes,345.6236802294379
Paris-The Hague,382.783486815751
Paris-Bremen,652.1232012775387
Paris-Bonn,399.03671966033545
Paris-Dresden,853.512409822082
Paris-Bologna,842.1669930891557
Paris-London,341.8783504361983
Paris-Valencia,1066.7031646408977
Paris-Naples,1296.7883511336202
Paris-Dublin,780.8025052651757
Paris-Athens,2101.0067447463075
Paris-Barcelona,831.2270937183603
Paris-Gothenburg,1172.8653738706853
Paris-Nuremburg,639.7472495539012
Paris-Braunschweig,691.5923746495799
Paris-Hanover,652.6126206007897
Paris-Antwerp,300.603281981644
Paris-Brescia,701.8104896721467
Madrid-Milan,1191.2872822339975
Madrid-Munich,1486.2955056108592
Madrid-Berlin,1871.7316834419983
Madrid-Amsterdam,1481.542258526469
Madrid-Dortmund,1504.5683783941217
Madrid-Rome,1365.1557413989822
Madrid-Hamburg,1788.0436524628221
Madrid-Stuttgart,1379.8997239712594
Madrid-Frankfurt,1446.4352199982588
Madrid-Stockholm,2599.80340123646
Madrid-Brussels,1315.596454233931
Madrid-Vienna,1811.9003234935124
Madrid-Lisbon,504.8178933567692
Madrid-Marseille,817.3346042314595
Madrid-Cologne,1430.8369311539598
Madrid-Helsinki,2953.716851501191
Madrid-Lyon,913.6472783797027
Madrid-Düsseldorf,1448.565458017255
Madrid-Warsaw,2294.156097443881
Madrid-Rotterdam,1425.178210934166
Madrid-Prague,1777.7439106349036
Madrid-Lille,1254.4723164598781
Madrid-Turin,1063.2484424057907
Madrid-Utrecht,1464.4412479697555
Madrid-Budapest,1981.0604444178148
Madrid-Toulouse,555.4316481384044
Madrid-Bordeaux,555.3584101115479
Madrid-Bucharest,2477.6630229930915
Madrid-Malmö,2087.406233874257
Madrid-Nantes,774.9514244745634
Madrid-The Hague,1433.727832707841
Madrid-Bremen,1696.5957011771743
Madrid-Bonn,1418.6845252495489
Madrid-Dresden,1792.579018154075
Madrid-Bologna,1314.8143419606504
Madrid-London,1264.8340715217157
Madrid-Valencia,301.381327679817
Madrid-Naples,1520.3004562832662
Madrid-Dublin,1452.5541778045715
Madrid-Athens,2373.7791734654916
Madrid-Barcelona,504.0430335257964
Madrid-Gothenburg,2227.077685494512
Madrid-Nuremburg,1534.1886493696434
Madrid-Braunschweig,1706.8861419048726
Madrid-Hanover,1678.5096499558765
Madrid-Antwerp,1354.820980769654
Madrid-Brescia,1266.9798286552416
Milan-Munich,346.6139182488094
Milan-Berlin,841.84440163032
Milan-Amsterdam,826.7935073928985
Milan-Dortmund,685.9422499645041
Milan-Rome,476.9252571641851
Milan-Hamburg,900.4846786278023
Milan-Stuttgart,367.7678346683137
Milan-Frankfurt,516.0907431324617
Milan-Stockholm,1655.4264527489445
Milan-Brussels,697.5239616622745
Milan-Vienna,624.6105193492455
Milan-Lisbon,1687.5389271182187
Milan-Marseille,389.58234977486984
Milan-Cologne,629.756152161677
Milan-Helsinki,1938.8585844123495
Milan-Lyon,342.78286276713493
Milan-Düsseldorf,663.865216022727
Milan-Warsaw,1145.2801136529565
Milan-Rotterdam,796.7366592550419
Milan-Prague,646.6169900843106
Milan-Lille,734.4278962937816
Milan-Turin,128.38204607920792
Milan-Utrecht,795.5180770349162
Milan-Budapest,790.6849873995264
Milan-Toulouse,649.3295863987323
Milan-Bordeaux,773.1091975727567
Milan-Bucharest,1335.6706534110087
Milan-Malmö,1156.6488197728
Milan-Nantes,852.3288698786176
Milan-The Hague,818.9727226728108
Milan-Bremen,846.6359279335376
Milan-Bonn,604.5718777838972
Milan-Dresden,705.8508865136579
Milan-Bologna,200.1380159944091
Milan-London,960.6079884731315
Milan-Valencia,1030.9188962880983
Milan-Naples,659.6098620291126
Milan-Dublin,1418.9209176593965
Milan-Athens,1463.4197674956804
Milan-Barcelona,728.4930580356229
Milan-Gothenburg,1374.650554242832
Milan-Nuremburg,465.07706023012645
Milan-Braunschweig,761.7085922125365
Milan-Hanover,768.5435786967479
Milan-Antwerp,731.1181092386795
Milan-Brescia,79.210112792546
Munich-Berlin,505.50408228776473
Munich-Amsterdam,667.2720291385815
Munich-Dortmund,480.2986117164943
Munich-Rome,696.4707994825344
Munich-Hamburg,613.0362439202288
Munich-Stuttgart,189.73207682289683
Munich-Frankfurt,304.36346757951213
Munich-Stockholm,1319.4043558725568
Munich-Brussels,604.3814446654563
Munich-Vienna,356.45054653181603
Munich-Lisbon,1967.026584336106
Munich-Marseille,722.3172337681403
Munich-Cologne,457.0839855377161
Munich-Helsinki,1593.1476662627695
Munich-Lyon,576.3132745077842
Munich-Düsseldorf,487.3258797286122
Munich-Warsaw,813.242898158172
Munich-Rotterdam,659.9190489017926
Munich-Prague,302.8540215079665
Munich-Lille,676.8744853192946
Munich-Turin,452.8612368165137
Munich-Utrecht,638.1860482263417
Munich-Budapest,566.4040810476864
Munich-Toulouse,931.1289647879352
Munich-Bordeaux,1001.5793256911518
Munich-Bucharest,1190.1650699757015
Munich-Malmö,835.1113958392963
Munich-Nantes,992.5871002096154
Munich-The Hague,681.9243870231578
Munich-Bremen,584.2726440278074
Munich-Bonn,434.74433303358006
Munich-Dresden,360.66520127131315
Munich-Bologna,404.0628436820592
Munich-London,920.0386748715288
Munich-Valencia,1357.6589452549897
Munich-Naples,837.3538438583154
Munich-Dublin,1381.6359917640243
Munich-Athens,1496.7968603377235
Munich-Barcelona,1055.5781835855119
Munich-Gothenburg,1066.1027167757488
Munich-Nuremburg,152.49898462517802
Munich-Braunschweig,466.05229352964324
Munich-Hanover,489.6727471286462
Munich-Antwerp,620.6838101270687
Munich-Brescia,306.10027322703843
Berlin-Amsterdam,577.0085813772483
Berlin-Dortmund,422.9276559565951
Berlin-Rome,1183.3475090566692
Berlin-Hamburg,255.21876855727714
Berlin-Stuttgart,511.3297289557934
Berlin-Frankfurt,425.56689197776467
Berlin-Stockholm,814.5045168029692
Berlin-Brussels,654.2432279686858
Berlin-Vienna,524.8847671476992
Berlin-Lisbon,2315.454518326916
Berlin-Marseille,1187.3189281823034
Berlin-Cologne,479.4439181324858
Berlin-Helsinki,1107.9778488106122
Berlin-Lyon,975.79794444945
Berlin-Düsseldorf,478.2212620328392
Berlin-Warsaw,517.9674462482383
Berlin-Rotterdam,612.9365256902888
Berlin-Prague,281.25460793294064
Berlin-Lille,744.3061079670813
Berlin-Turin,928.7854512608244
Berlin-Utrecht,566.3094209117409
Berlin-Budapest,690.808050498271
Berlin-Toulouse,1328.087959237399
Berlin-Bordeaux,1333.8267941017355
Berlin-Bucharest,1296.6216634805232
Berlin-Malmö,341.3910463904973
Berlin-Nantes,1225.713609216784
Berlin-The Hague,624.3123744949262
Berlin-Bremen,316.2709285921669
Berlin-Bonn,481.23943478072687
Berlin-Dresden,165.7516070902878
Berlin-Bologna,904.9778410356453
Berlin-London,933.4516918747356
Berlin-Valencia,1794.8064087002435
Berlin-Naples,1299.1645442057409
Berlin-Dublin,1321.212860087512
Berlin-Athens,1803.6628893413517
Berlin-Barcelona,1501.0369048925954
Berlin-Gothenburg,584.3171393107413
Berlin-Nuremburg,378.149353505261
Berlin-Braunschweig,198.30625063805624
Berlin-Hanover,249.64216340785353
Berlin-Antwerp,635.9783575116969
Berlin-Brescia,810.515616210814
Amsterdam-Dortmund,196.86546510684744
Amsterdam-Rome,1294.6009270853822
Amsterdam-Hamburg,366.7318252779286
Amsterdam-Stuttgart,499.87494702934237
Amsterdam-Frankfurt,362.90987516783673
Amsterdam-Stockholm,1131.6300553848139
Amsterdam-Brussels,173.51476561305705
Amsterdam-Vienna,936.1554147942668
Amsterdam-Lisbon,1863.7345901834042
Amsterdam-Marseille,1007.9288119715281
Amsterdam-Cologne,211.57859210067437
Amsterdam-Helsinki,1506.1678883392688
Amsterdam-Lyon,731.7897779636543
Amsterdam-Düsseldorf,180.03851340413271
Amsterdam-Warsaw,1094.9218044055763
Amsterdam-Rotterdam,56.41890237102964
Amsterdam-Prague,712.5813811678398
Amsterdam-Lille,228.10050186563672
Amsterdam-Turin,834.3268444279448
Amsterdam-Utrecht,31.312318764326992
Amsterdam-Budapest,1148.6645325670718
Amsterdam-Toulouse,1004.2791340529335
Amsterdam-Bordeaux,927.14220230198
Amsterdam-Bucharest,1789.2358717064328
Amsterdam-Malmö,642.2015249560458
Amsterdam-Nantes,738.6428228562844
Amsterdam-The Hague,53.45034692533427
Amsterdam-Bremen,274.7348136621013
Amsterdam-Bonn,235.60466844029665
Amsterdam-Dresden,627.3305059246655
Amsterdam-Bologna,993.2500055805614
Amsterdam-London,358.5441397904004
Amsterdam-Valencia,1488.8103436268968
Amsterdam-Naples,1464.0122463320838
Amsterdam-Dublin,760.5689556945553
Amsterdam-Athens,2163.515322168338
Amsterdam-Barcelona,1236.3909345314346
Amsterdam-Gothenburg,747.1365141958837
Amsterdam-Nuremburg,538.5701903023585
Amsterdam-Braunschweig,382.0977184646345
Amsterdam-Hanover,328.35472517726924
Amsterdam-Antwerp,130.86503367036022
Amsterdam-Brescia,850.4244100098748
Dortmund-Rome,1137.0637150770444
Dortmund-Hamburg,283.70894814856723
Dortmund-Stuttgart,330.4396124465852
Dortmund-Frankfurt,180.9893523047205
Dortmund-Stockholm,1098.344475522083
Dortmund-Brussels,231.33059561238238
Dortmund-Vienna,739.3975399242432
Dortmund-Lisbon,1922.3436587637289
Dortmund-Marseille,929.1067374632067
Dortmund-Cologne,75.20391295003874
Dortmund-Helsinki,1449.9143292439321
Dortmund-Lyon,668.6991953308395
Dortmund-Düsseldorf,57.99137422918559
Dortmund-Warsaw,934.7848828241972
Dortmund-Rotterdam,209.91808773120994
Dortmund-Prague,519.6205565289815
Dortmund-Lille,321.4415834765493
Dortmund-Turin,718.2445769700787
Dortmund-Utrecht,172.74601184889966
Dortmund-Budapest,952.4675951704177
Dortmund-Toulouse,987.6074471579657
Dortmund-Bordeaux,952.4075107159646
Dortmund-Bucharest,1593.4435255378985
Dortmund-Malmö,583.0762804200181
Dortmund-Nantes,812.5957483994545
Dortmund-The Hague,227.7051444241162
Dortmund-Bremen,195.51065917377426
Dortmund-Bonn,93.70956932562359
Dortmund-Dresden,442.5729058112658
Dortmund-Bologna,833.4454926313821
Dortmund-London,525.0755323377658
Dortmund-Valencia,1471.6089619343902
Dortmund-Naples,1298.0145995657126
Dortmund-Dublin,952.8695853814469
Dortmund-Athens,1972.5445505198093
Dortmund-Barcelona,1197.504556779261
Dortmund-Gothenburg,746.9304900000842
Dortmund-Nuremburg,344.38093600541157
Dortmund-Braunschweig,226.4217924060985
Dortmund-Hanover,183.0443611008574
Dortmund-Antwerp,214.9812323688783
Dortmund-Brescia,696.3136918470427
Rome-Hamburg,1308.8636493769668
Rome-Stuttgart,806.7398941418504
Rome-Frankfurt,957.8299324890863
Rome-Stockholm,1980.1731729298174
Rome-Brussels,1173.2365012235457
Rome-Vienna,764.2094696794074
Rome-Lisbon,1866.7033208698376
Rome-Marseille,603.3934618588149
Rome-Cologne,1089.831318547415
Rome-Helsinki,2204.4886323251985
Rome-Lyon,750.5662026886802
Rome-Düsseldorf,1123.890157967704
Rome-Warsaw,1318.2845538649813
Rome-Rotterdam,1268.4705456822307
Rome-Prague,922.8173141416701
Rome-Lille,1211.2711958593395
Rome-Turin,525.1835979136633
Rome-Utrecht,1263.3175880274796
Rome-Budapest,812.6809307134923
Rome-Toulouse,922.4964087472014
Rome-Bordeaux,1108.1045687761618
Rome-Bucharest,1141.1271535612389
Rome-Malmö,1522.404713126948
Rome-Nantes,1261.7181759303112
Rome-The Hague,1290.9550330543177
Rome-Bremen,1273.3575511172478
Rome-Bonn,1064.578376895683
Rome-Dresden,1021.9604957220464
Rome-Bologna,303.6377867291772
Rome-London,1434.7768161166782
Rome-Valencia,1118.6790143857463
Rome-Naples,191.6933213040504
Rome-Dublin,1888.6002194397674
Rome-Athens,1053.760630631831
Rome-Barcelona,861.6992184288006
Rome-Gothenburg,1758.92718127328
Rome-Nuremburg,847.798439696044
Rome-Braunschweig,1162.2158028384742
Rome-Hanover,1182.9018650163657
Rome-Antwerp,1205.592634468455
Rome-Brescia,444.17664241453684
Hamburg-Stuttgart,533.8074285196008
Hamburg-Frankfurt,394.74635938585163
Hamburg-Stockholm,815.1943221377064
Hamburg-Brussels,491.2099840884218
Hamburg-Vienna,744.3697873744826
Hamburg-Lisbon,2200.4346976564225
Hamburg-Marseille,1190.4968772530212
Hamburg-Cologne,358.2521971688957
Hamburg-Helsinki,1167.6056201918514
Hamburg-Lyon,941.7652370354924
Hamburg-Düsseldorf,339.5162661722241
Hamburg-Warsaw,753.3793747636751
Hamburg-Rotterdam,414.4794481714808
Hamburg-Prague,493.3692374774275
Hamburg-Lille,573.1567697957425
Hamburg-Turin,958.0251914011686
Hamburg-Utrecht,366.2434061730368
Hamburg-Budapest,930.1427062812348
Hamburg-Toulouse,1269.6283751660696
Hamburg-Bordeaux,1235.1451321831462
Hamburg-Bucharest,1547.9974028030629
Hamburg-Malmö,299.39837612495415
Hamburg-Nantes,1082.5198874609805
Hamburg-The Hague,419.3472480168757
Hamburg-Bremen,95.57053925798962
Hamburg-Bonn,372.9996186976074
Hamburg-Dresden,378.0736758091856
Hamburg-Bologna,1011.3456152704736
Hamburg-London,722.3949268664867
Hamburg-Valencia,1752.292537055113
Hamburg-Naples,1448.3132631273381
Hamburg-Dublin,1078.40396695569
Hamburg-Athens,2025.4518108194495
Hamburg-Barcelona,1473.6455934853993
Hamburg-Gothenburg,479.20607831919017
Hamburg-Nuremburg,461.0939567805685
Hamburg-Braunschweig,147.2276439346807
Hamburg-Hanover,132.28061199095598
Hamburg-Antwerp,460.7821418002683
Hamburg-Brescia,891.0521914350003
Stuttgart-Frankfurt,151.66356004102747
Stuttgart-Stockholm,1310.3870221367467
Stuttgart-Brussels,418.28414541762015
Stuttgart-Vienna,533.2586402876324
Stuttgart-Lisbon,1844.3310238918427
Stuttgart-Marseille,677.9202688651804
Stuttgart-Cologne,288.95732186521445
Stuttgart-Helsinki,1619.1104597880044
Stuttgart-Lyon,470.23364789986476
Stuttgart-Düsseldorf,322.1149049682937
Stuttgart-Warsaw,920.1810802209981
Stuttgart-Rotterdam,484.6678037554027
Stuttgart-Prague,408.38656945519494
Stuttgart-Lille,487.92481166050123
Stuttgart-Turin,428.347598046033
Stuttgart-Utrecht,469.3353239779785
Stuttgart-Budapest,748.4270406206019
Stuttgart-Toulouse,827.8860169974276
Stuttgart-Bordeaux,864.8701126037997
Stuttgart-Bucharest,1378.1295112915568
Stuttgart-Malmö,800.8217102833439
Stuttgart-Nantes,823.2192183784676
Stuttgart-The Hague,507.18475057747895
Stuttgart-Bremen,479.1874284748426
Stuttgart-Bonn,264.4050520763525
Stuttgart-Dresden,412.83787316025297
Stuttgart-Bologna,503.10218508362016
Stuttgart-London,731.3090256313276
Stuttgart-Valencia,1285.5451008411985
Stuttgart-Naples,968.4766154185918
Stuttgart-Dublin,1194.1970932535648
Stuttgart-Athens,1675.0858691888754
Stuttgart-Barcelona,990.0843126322601
Stuttgart-Gothenburg,1010.5915233663065
Stuttgart-Nuremburg,155.57822605275015
Stuttgart-Braunschweig,398.9177880076359
Stuttgart-Hanover,401.58316233317765
Stuttgart-Antwerp,437.9522090302938
Stuttgart-Brescia,368.1031802089196
Frankfurt-Stockholm,1192.9363961482752
Frankfurt-Brussels,318.9984081352308
Frankfurt-Vienna,599.0184158984765
Frankfurt-Lisbon,1891.8128918674274
Frankfurt-Marseille,797.6311443399737
Frankfurt-Cologne,153.51101947180112
Frankfurt-Helsinki,1519.4492413788505
Frankfurt-Lyon,560.3548975624507
Frankfurt-Düsseldorf,182.9880420566368
Frankfurt-Warsaw,893.1618031173986
Frankfurt-Rotterdam,357.4596134055096
Frankfurt-Prague,414.1495797332237
Frankfurt-Lille,402.7448411957546
Frankfurt-Turin,564.0782568708806
Frankfurt-Utrecht,333.89355599513937
Frankfurt-Budapest,816.3951661237869
Frankfurt-Toulouse,905.9080584113076
Frankfurt-Bordeaux,909.266442992528
Frankfurt-Bucharest,1456.4978870116272
Frankfurt-Malmö,676.8729291463808
Frankfurt-Nantes,820.829828253871
Frankfurt-The Hague,379.0676929181476
Frankfurt-Bremen,331.66909182120935
Frankfurt-Bonn,132.72997306710502
Frankfurt-Dresden,374.61905749978655
Frankfurt-Bologna,654.2385907180718
Frankfurt-London,638.9378473919916
Frankfurt-Valencia,1379.4726439256747
Frankfurt-Naples,1117.2078869256788
Frankfurt-Dublin,1091.43810611667
Frankfurt-Athens,1800.884576266332
Frankfurt-Barcelona,1091.9867428623847
Frankfurt-Gothenburg,873.9481160770722
Frankfurt-Nuremburg,186.00619085996107
Frankfurt-Braunschweig,273.26499366570357
Frankfurt-Hanover,263.59527615789005
Frankfurt-Antwerp,326.70847329100076
Frankfurt-Brescia,519.705310582124
Stockholm-Brussels,1287.8663177660933
Stockholm-Vienna,1246.2000152481296
Stockholm-Lisbon,2995.36350558735
Stockholm-Marseille,1986.912488830268
Stockholm-Cologne,1173.2307104780687
Stockholm-Helsinki,394.8329300638056
Stockholm-Lyon,1751.4851262248364
Stockholm-Düsseldorf,1152.87555288695
Stockholm-Warsaw,811.0678916510534
Stockholm-Rotterdam,1187.3656807621899
Stockholm-Prague,1057.4323562664963
Stockholm-Lille,1358.4682550657822
Stockholm-Turin,1736.6998848623152
Stockholm-Utrecht,1143.7148188083443
Stockholm-Budapest,1320.4978641235068
Stockholm-Toulouse,2084.6839828601305
Stockholm-Bordeaux,2045.0955299267496
Stockholm-Bucharest,1745.8160338533548
Stockholm-Malmö,517.8522388890805
Stockholm-Nantes,1870.2532296044908
Stockholm-The Hague,1183.4596792997077
Stockholm-Bremen,904.0752776585177
Stockholm-Bonn,1188.166323776441
Stockholm-Dresden,964.3231398071374
Stockholm-Bologna,1714.4947321867307
Stockholm-London,1438.4236441861513
Stockholm-Valencia,2566.428302987323
Stockholm-Naples,2074.639388697625
Stockholm-Dublin,1635.687715215282
Stockholm-Athens,2410.141686032793
Stockholm-Barcelona,2283.9542159825432
Stockholm-Gothenburg,400.6273888730236
Stockholm-Nuremburg,1190.4616645346318
Stockholm-Braunschweig,919.6952711451426
Stockholm-Hanover,935.3264797102495
Stockholm-Antwerp,1251.052904518222
Stockholm-Brescia,1624.923303262295
Brussels-Vienna,917.9742357366614
Brussels-Lisbon,1711.6666137067236
Brussels-Marseille,842.3090229686412
Brussels-Cologne,184.44873912977206
Brussels-Helsinki,1654.130979625959
Brussels-Lyon,564.2212996362721
Brussels-Düsseldorf,177.0370303019014
Brussels-Warsaw,1164.2804551704378
Brussels-Rotterdam,121.3264009325353
Brussels-Prague,723.7479868910689
Brussels-Lille,90.78302511742446
Brussels-Turin,687.3495622204935
Brussels-Utrecht,151.04042550651192
Brussels-Budapest,1135.3920932099725
Brussels-Toulouse,830.9694354381143
Brussels-Bordeaux,760.2860205770834
Brussels-Bucharest,1775.2662279171332
Brussels-Malmö,784.5955823651955
Brussels-Nantes,591.3204705046201
Brussels-The Hague,138.5555854371616
Brussels-Bremen,395.7846069491461
Brussels-Bonn,194.27770464664428
Brussels-Dresden,661.9603918048633
Brussels-Bologna,878.4390504635901
Brussels-London,320.0483393946676
Brussels-Valencia,1315.8329443858986
Brussels-Naples,1350.5933662806017
Brussels-Dublin,777.4270912860969
Brussels-Athens,2091.9000631634353
Brussels-Barcelona,1063.1294487664627
Brussels-Gothenburg,911.6174904744151
Brussels-Nuremburg,504.5525740205178
Brussels-Braunschweig,457.45531614726093
Brussels-Hanover,411.55654600023706
Brussels-Antwerp,43.030096917600126
Brussels-Brescia,732.7427562098895
Vienna-Lisbon,2302.4863004695203
Vienna-Marseille,1013.1039621609305
Vienna-Cologne,745.0758080737919
Vienna-Helsinki,1442.7249427344427
Vienna-Lyon,917.2384789768894
Vienna-Düsseldorf,767.7031110857564
Vienna-Warsaw,558.5513685060813
Vienna-Rotterdam,944.8552480621445
Vienna-Prague,251.17669373332063
Vienna-Lille,1000.0817579795975
Vienna-Turin,750.6828171034829
Vienna-Utrecht,911.7886767557065
Vienna-Budapest,217.68611965306766
Vienna-Toulouse,1261.6085459818112
Vienna-Bordeaux,1350.4189692880766
Vienna-Bucharest,857.71599634613
Vienna-Malmö,852.4516368673964
Vienna-Nantes,1348.8739624442057
Vienna-The Hague,964.6036460791813
Vienna-Bremen,761.3182530406087
Vienna-Bonn,728.3890361924878
Vienna-Dresden,368.75989729089434
Vienna-Bologna,564.4499067477509
Vienna-London,1237.9558121051264
Vienna-Valencia,1653.8522121367916
Vienna-Naples,832.7589196936128
Vienna-Dublin,1687.215717937577
Vienna-Athens,1282.3051014139635
Vienna-Barcelona,1352.1224923514606
Vienna-Gothenburg,1097.7601674770572
Vienna-Nuremburg,413.6254082677355
Vienna-Braunschweig,614.8416073258052
Vienna-Hanover,661.7206551709701
Vienna-Antwerp,924.4212170481173
Vienna-Brescia,554.2751161995221
Lisbon-Marseille,1320.3188951669977
Lisbon-Cologne,1852.202767842204
Lisbon-Helsinki,3365.7919756540186
Lisbon-Lyon,1390.71594549375
Lisbon-Düsseldorf,1864.587980734048
Lisbon-Warsaw,2764.382808215416
Lisbon-Rotterdam,1808.0376621021169
Lisbon-Prague,2249.7437527457655
Lisbon-Lille,1637.298348503411
Lisbon-Turin,1559.1576209459156
Lisbon-Utrecht,1852.1836049838566
Lisbon-Budapest,2478.2192123237082
Lisbon-Toulouse,1040.9869282929535
Lisbon-Bordeaux,982.9545148244187
Lisbon-Bucharest,2982.4697794552976
Lisbon-Malmö,2496.1890440438106
Lisbon-Nantes,1125.1666801659956
Lisbon-The Hague,1812.0519053339628
Lisbon-Bremen,2105.8096088571365
Lisbon-Bonn,1844.015143897579
Lisbon-Dresden,2252.994409248363
Lisbon-Bologna,1818.0558498328842
Lisbon-London,1585.7475299601897
Lisbon-Valencia,762.994969731244
Lisbon-Naples,2016.5846336030631
Lisbon-Dublin,1640.5202827891098
Lisbon-Athens,2859.1502309669163
Lisbon-Barcelona,1007.7337611666229
Lisbon-Gothenburg,2606.9160003302186
Lisbon-Nuremburg,1999.9015311584274
Lisbon-Braunschweig,2137.8441112640076
Lisbon-Hanover,2103.0841188297272
Lisbon-Antwerp,1746.335155552634
Lisbon-Brescia,1764.526084630902
Marseille-Cologne,857.6786170642619
Marseille-Helsinki,2294.9944003015553
Marseille-Lyon,278.96901763414417
Marseille-Düsseldorf,887.8143107153858
Marseille-Warsaw,1531.7915738901283
Marseille-Rotterdam,961.8404651412783
Marseille-Prague,1025.13374514495
Marseille-Lille,836.5287124672004
Marseille-Turin,269.8126806073112
Marseille-Utrecht,979.5398814783761
Marseille-Budapest,1168.8190899159454
Marseille-Toulouse,319.75096721130285
Marseille-Bordeaux,508.546720075128
Marseille-Bucharest,1666.4283983779471
Marseille-Malmö,1473.4648000067596
Marseille-Nantes,698.4084625181126
Marseille-The Hague,980.5693075919571
Marseille-Bremen,1117.4624379819584
Marseille-Bonn,835.912619369743
Marseille-Dresden,1069.6082108786445
Marseille-Bologna,497.7370845263472
Marseille-London,1002.5806398351996
Marseille-Valencia,641.3385865028667
Marseille-Naples,786.7907275959083
Marseille-Dublin,1409.0281381923808
Marseille-Athens,1656.4816474286558
Marseille-Barcelona,339.06050681743204
Marseille-Gothenburg,1668.7705002566415
Marseille-Nuremburg,812.9719619886798
Marseille-Braunschweig,1069.044175494016
Marseille-Hanover,1060.797988124891
Marseille-Antwerp,884.3825229357765
Marseille-Brescia,459.21930976780504
Cologne-Helsinki,1523.09207545663
Cologne-Lyon,594.8326924113665
Cologne-Düsseldorf,34.180695407128255
Cologne-Warsaw,983.0808573710268
Cologne-Rotterdam,204.05169309083507
Cologne-Prague,541.1617152828844
Cologne-Lille,274.6180352539183
Cologne-Turin,653.7346080945923
Cologne-Utrecht,181.6488633437471
Cologne-Budapest,961.2688062368974
Cologne-Toulouse,912.4299459741453
Cologne-Bordeaux,879.6042471035879
Cologne-Bucharest,1602.55563088362
Cologne-Malmö,657.4311491550102
Cologne-Nantes,747.9282358565115
Cologne-The Hague,225.56733867749298
Cologne-Bremen,270.71311129751115
Cologne-Bonn,25.298283462680732
Cologne-Dresden,477.5840756710169
Cologne-Bologna,787.0147047059613
Cologne-London,497.6370906836544
Cologne-Valencia,1396.4091511499246
Cologne-Naples,1255.8823074698819
Cologne-Dublin,942.2531727454641
Cologne-Athens,1953.8766710835737
Cologne-Barcelona,1122.7656970436035
Cologne-Gothenburg,821.6548606310874
Cologne-Nuremburg,336.16440587229846
Cologne-Braunschweig,288.38385365031223
Cologne-Hanover,250.88137087988412
Cologne-Antwerp,181.23848441916468
Cologne-Brescia,646.3928244367414
Helsinki-Lyon,2078.8167373750925
Helsinki-Düsseldorf,1506.6497161962834
Helsinki-Warsaw,915.2000736428832
Helsinki-Rotterdam,1560.8124346642173
Helsinki-Prague,1303.4538073242336
Helsinki-Lille,1729.8296436907663
Helsinki-Turin,2033.8922726215685
Helsinki-Utrecht,1515.330156062622
Helsinki-Budapest,1461.0199542937414
Helsinki-Toulouse,2424.0561276814183
Helsinki-Bordeaux,2402.3149364469755
Helsinki-Bucharest,1753.3915174300234
Helsinki-Malmö,869.8310273795186
Helsinki-Nantes,2242.91503053274
Helsinki-The Hague,1558.9899757327817
Helsinki-Bremen,1261.16170178697
Helsinki-Bonn,1535.0451696376476
Helsinki-Dresden,1233.0079760682972
Helsinki-Bologna,1966.2725819800041
Helsinki-London,1825.3176490076034
Helsinki-Valencia,2898.580646651401
Helsinki-Naples,2271.1891558602815
Helsinki-Dublin,2030.0847193951886
Helsinki-Athens,2469.6180774202553
Helsinki-Barcelona,2607.6588722685824
Helsinki-Gothenburg,793.4434708436165
Helsinki-Nuremburg,1482.9557346205188
Helsinki-Braunschweig,1250.1425160383371
Helsinki-Hanover,1275.5463312034447
Helsinki-Antwerp,1619.7527981070152
Helsinki-Brescia,1897.0728786275806
Lyon-Düsseldorf,622.7394139235207
Lyon-Warsaw,1380.5253020683565
Lyon-Rotterdam,684.396613679136
Lyon-Prague,864.117977185763
Lyon-Lille,557.9491371102192
Lyon-Turin,235.4610409719735
Lyon-Utrecht,704.0934039112614
Lyon-Budapest,1106.5365938921298
Lyon-Toulouse,358.91340483918333
Lyon-Bordeaux,437.4383721145582
Lyon-Bucharest,1675.630806120511
Lyon-Malmö,1233.9918184239546
Lyon-Nantes,517.8617097340265
Lyon-The Hague,702.6955697278187
Lyon-Bremen,862.0057554058185
Lyon-Bonn,575.0317194304903
Lyon-Dresden,882.4592288660302
Lyon-Bologna,531.1879837595121
Lyon-London,734.4503539378654
Lyon-Valencia,819.8217231097824
Lyon-Naples,942.2390822399235
Lyon-Dublin,1161.296686481289
Lyon-Athens,1785.09160781519
Lyon-Barcelona,532.5061247728357
Lyon-Gothenburg,1415.0017661771574
Lyon-Nuremburg,622.3980140462373
Lyon-Braunschweig,832.9483581925407
Lyon-Hanover,816.6271574987671
Lyon-Antwerp,606.5737491884119
Lyon-Brescia,420.3123660737709
Düsseldorf-Warsaw,987.2590417432511
Düsseldorf-Rotterdam,177.6529288045174
Düsseldorf-Prague,557.6099732158697
Düsseldorf-Lille,267.7649105985877
Düsseldorf-Turin,686.7914051742167
Düsseldorf-Utrecht,150.9207300701899
Düsseldorf-Budapest,983.022246517487
Düsseldorf-Toulouse,935.0910819580619
Düsseldorf-Bordeaux,895.741189341683
Düsseldorf-Bucharest,1624.4696337016853
Düsseldorf-Malmö,638.8421079538623
Düsseldorf-Nantes,754.7195385203343
Düsseldorf-The Hague,198.29799793645196
Düsseldorf-Bremen,248.84305547932897
Düsseldorf-Bonn,59.473844713754964
Düsseldorf-Dresden,488.04062413646164
Düsseldorf-Bologna,820.9975400747363
Düsseldorf-London,481.31765256106513
Düsseldorf-Valencia,1419.9060075957634
Düsseldorf-Naples,1289.5936364503984
Düsseldorf-Dublin,919.8157099507032
Düsseldorf-Athens,1983.8464640298353
Düsseldorf-Barcelona,1148.739214097016
Düsseldorf-Gothenburg,796.3807798698164
Düsseldorf-Nuremburg,362.1460948128177
Düsseldorf-Braunschweig,283.08662853082427
Düsseldorf-Hanover,240.90490426703255
Düsseldorf-Antwerp,166.09932137610275
Düsseldorf-Brescia,680.5241006142008
Warsaw-Rotterdam,1130.5032903357644
Warsaw-Prague,516.4122231271565
Warsaw-Lille,1255.0239508262391
Warsaw-Turin,1262.1670452706348
Warsaw-Utrecht,1084.141079886672
Warsaw-Budapest,545.9397458681193
Warsaw-Toulouse,1738.9842338203
Warsaw-Bordeaux,1784.5841953835102
Warsaw-Bucharest,947.2518794955888
Warsaw-Malmö,640.7466795981103
Warsaw-Nantes,1713.9014603108383
Warsaw-The Hague,1142.2134946746253
Warsaw-Bremen,829.3522910944467
Warsaw-Bonn,980.0690000719727
Warsaw-Dresden,518.9132994717497
Warsaw-Bologna,1118.227471919117
Warsaw-London,1451.236755208056
Warsaw-Valencia,2170.2261311820444
Warsaw-Naples,1365.6490542705067
Warsaw-Dublin,1831.6739470827645
Warsaw-Athens,1599.8521898452434
Warsaw-Barcelona,1867.7419677054468
Warsaw-Gothenburg,836.987097597324
Warsaw-Nuremburg,764.6122415642461
Warsaw-Braunschweig,715.0512282176834
Warsaw-Hanover,767.4216372660422
Warsaw-Antwerp,1149.638779925724
Warsaw-Brescia,1085.2578160917242
Rotterdam-Prague,729.4368544478392
Rotterdam-Lille,171.75523004768053
Rotterdam-Turin,797.1184273333988
Rotterdam-Utrecht,48.34543023202839
Rotterdam-Budapest,1159.586458284552
Rotterdam-Toulouse,950.1537703604738
Rotterdam-Bordeaux,870.8756506671706
Rotterdam-Bucharest,1800.97543171133
Rotterdam-Malmö,695.3058367137716
Rotterdam-Nantes,683.0924448805656
Rotterdam-The Hague,22.66557176975515
Rotterdam-Bremen,320.4782513839578
Rotterdam-Bonn,225.2976379133077
Rotterdam-Dresden,650.8527514837523
Rotterdam-Bologna,969.1122684827541
Rotterdam-London,320.88227862864517
Rotterdam-Valencia,1434.1878145877122
Rotterdam-Naples,1441.128303114319
Rotterdam-Dublin,743.7751180691683
Rotterdam-Athens,2156.4217721363066
Rotterdam-Barcelona,1184.0180201242345
Rotterdam-Gothenburg,803.5201394309695
Rotterdam-Nuremburg,539.4965847859244
Rotterdam-Braunschweig,415.50151994878314
Rotterdam-Hanover,363.30229752414965
Rotterdam-Antwerp,78.3313483125931
Rotterdam-Brescia,824.8351361414093
Prague-Lille,811.7089842466347
Prague-Turin,755.712461303051
Prague-Utrecht,691.3430632796072
Prague-Budapest,444.40043340171894
Prague-Toulouse,1222.5972040848205
Prague-Bordeaux,1272.6320722933247
Prague-Bucharest,1079.632781114391
Prague-Malmö,619.354617210906
Prague-Nantes,1222.704909864384
Prague-The Hague,747.2662370562491
Prague-Bremen,514.6561863702342
Prague-Bonn,529.4702955912655
Prague-Dresden,118.6364503847765
Prague-Bologna,664.1931161790797
Prague-London,1038.427131265793
Prague-Valencia,1659.0787731878827
Prague-Naples,1026.1259948845002
Prague-Dublin,1472.2002386059949
Prague-Athens,1533.3023900380479
Prague-Barcelona,1357.466605698961
Prague-Gothenburg,864.0084594547777
Prague-Nuremburg,254.6884922272344
Prague-Braunschweig,367.45893715382914
Prague-Hanover,416.8903367297948
Prague-Antwerp,722.0606932869986
Prague-Brescia,596.973112257497
Lille-Turin,708.7672465096236
Lille-Utrecht,214.88527747324179
Lille-Budapest,1217.7487844316151
Lille-Toulouse,791.2179743486964
Lille-Bordeaux,701.0539833691934
Lille-Bucharest,1856.1510095869662
Lille-Malmö,861.9897946113955
Lille-Nantes,513.090104329315
Lille-The Hague,179.25688759385554
Lille-Bremen,477.6199263068203
Lille-Bonn,282.8873385997904
Lille-Dresden,752.1853565330388
Lille-Bologna,923.0719042673425
Lille-London,243.43484003439278
Lille-Valencia,1272.0805775321633
Lille-Naples,1392.922942971883
Lille-Dublin,707.7648823592344
Lille-Athens,2153.6066743771134
Lille-Barcelona,1031.915251397776
Lille-Gothenburg,975.231875967687
Lille-Nuremburg,586.5611814471732
Lille-Braunschweig,547.0225193052208
Lille-Hanover,500.0690587566228
Lille-Antwerp,112.48505409845325
Lille-Brescia,777.2674307479374
Turin-Utrecht,803.6789936024323
Turin-Budapest,919.0639883301004
Turin-Toulouse,521.3353880728225
Turin-Bordeaux,652.2717370675288
Turin-Bucharest,1457.9118717734052
Turin-Malmö,1229.1043159632907
Turin-Nantes,753.2217540120198
Turin-The Hague,818.3744919875836
Turin-Bremen,894.3415417310631
Turin-Bonn,629.5361218692724
Turin-Dresden,803.9273542394627
Turin-Bologna,297.4397605593793
Turin-London,918.8321157335745
Turin-Valencia,909.1014076447519
Turin-Naples,715.7771712700629
Turin-Dublin,1366.1374677265094
Turin-Athens,1550.292977136563
Turin-Barcelona,606.3461801036003
Turin-Gothenburg,1436.7426103837374
Turin-Nuremburg,551.2410069021864
Turin-Braunschweig,826.9141797015371
Turin-Hanover,826.0010075664123
Turin-Antwerp,725.2366477826607
Turin-Brescia,206.18869986694276
Utrecht-Budapest,1125.1902307649252
Utrecht-Toulouse,981.5864525434497
Utrecht-Bordeaux,909.4476131572959
Utrecht-Bucharest,1766.1891503051938
Utrecht-Malmö,648.6660766692729
Utrecht-Nantes,727.7758623148558
Utrecht-The Hague,58.30774101017365
Utrecht-Bremen,272.1400078737995
Utrecht-Bonn,205.3265572108724
Utrecht-Dresden,609.201347782835
Utrecht-Bologna,962.02973234788
Utrecht-London,367.1436352696507
Utrecht-Valencia,1466.696028485632
Utrecht-Naples,1432.886910398875
Utrecht-Dublin,780.8697904295996
Utrecht-Athens,2134.766541462462
Utrecht-Barcelona,1211.7079179549266
Utrecht-Gothenburg,762.8170129314565
Utrecht-Nuremburg,511.42834592824755
Utrecht-Braunschweig,369.4903233145223
Utrecht-Hanover,316.72131650517366
Utrecht-Antwerp,109.8685915542363
Utrecht-Brescia,819.1418971063208
Budapest-Toulouse,1438.9506147659163
Budapest-Bordeaux,1543.3668096233894
Budapest-Bucharest,641.4479099948738
Budapest-Malmö,991.306256400782
Budapest-Nantes,1557.4284346610993
Budapest-The Hague,1178.932307509578
Budapest-Bremen,958.4709505590135
Budapest-Bonn,945.1108185655391
Budapest-Dresden,553.082625188916
Budapest-Bologna,685.7580488844796
Budapest-London,1455.2929615662176
Budapest-Valencia,1802.2219010460446
Budapest-Naples,831.2419360824931
Budapest-Dublin,1902.8377249618995
Budapest-Athens,1123.1610430561775
Budapest-Barcelona,1504.5609440978956
Budapest-Gothenburg,1232.0340016693021
Budapest-Nuremburg,631.239030135076
Budapest-Braunschweig,811.2809845310652
Budapest-Hanover,861.2609977892402
Budapest-Antwerp,1141.1981842060636
Budapest-Brescia,714.1392079031174
Toulouse-Bordeaux,212.98688626775316
Toulouse-Bucharest,1970.7195703786801
Toulouse-Malmö,1567.3647935742613
Toulouse-Nantes,464.24644188839056
Toulouse-The Hague,963.6601659266173
Toulouse-Bremen,1183.0300937241593
Toulouse-Bonn,896.649435282391
Toulouse-Dresden,1240.628201896613
Toulouse-Bologna,798.0733142155703
Toulouse-London,884.8220101386262
Toulouse-Valencia,485.88445057543345
Toulouse-Naples,1103.6340535866534
Toulouse-Dublin,1221.2090687947928
Toulouse-Athens,1974.4071738706907
Toulouse-Barcelona,254.60234714858214
Toulouse-Gothenburg,1730.1047647824112
Toulouse-Nuremburg,981.0118627990684
Toulouse-Braunschweig,1173.9985179996058
Toulouse-Hanover,1151.3701328085226
Toulouse-Antwerp,873.4171466338014
Toulouse-Brescia,727.5225798340698
Bordeaux-Bucharest,2108.758660619137
Bordeaux-Malmö,1534.2151505611332
Bordeaux-Nantes,273.178702256759
Bordeaux-The Hague,880.163206172814
Bordeaux-Bremen,1142.8298892048813
Bordeaux-Bonn,868.9395426395267
Bordeaux-Dresden,1270.754277601906
Bordeaux-Bologna,946.4321220508783
Bordeaux-London,741.1686608762376
Bordeaux-Valencia,598.4596801564987
Bordeaux-Naples,1294.2068109711402
Bordeaux-Dublin,1030.98634701856
Bordeaux-Athens,2161.7824907438912
Bordeaux-Barcelona,444.932690573959
Bordeaux-Gothenburg,1671.856253210374
Bordeaux-Nuremburg,1020.2440290518825
Bordeaux-Braunschweig,1160.632601618765
Bordeaux-Hanover,1129.2438830632213
Bordeaux-Antwerp,799.7179825925849
Bordeaux-Brescia,852.1123930646379
Bucharest-Malmö,1548.4636557320443
Bucharest-Nantes,2161.996686873292
Bucharest-The Hague,1820.227857261216
Bucharest-Bremen,1587.3669166526504
Bucharest-Bonn,1586.0908645048219
Bucharest-Dresden,1179.9193130757233
Bucharest-Bologna,1172.7643739976652
Bucharest-London,2095.313765398241
Bucharest-Valencia,2252.4574133954475
Bucharest-Naples,1044.5120620926964
Bucharest-Dublin,2544.2845481696854
Bucharest-Athens,743.4679994007557
Bucharest-Barcelona,1976.8535092056356
Bucharest-Gothenburg,1769.9686106681274
Bucharest-Nuremburg,1270.7152792419051
Bucharest-Braunschweig,1441.3361064710882
Bucharest-Hanover,1493.3269544073953
Bucharest-Antwerp,1782.1355106459648
Bucharest-Brescia,1256.765326316663
Malmö-Nantes,1374.6207827904032
Malmö-The Hague,695.5822185572565
Malmö-Bremen,391.6367423548302
Malmö-Bonn,671.4265928981782
Malmö-Dresden,506.7760151978646
Malmö-Bologna,1238.5994646174695
Malmö-London,980.4368682618787
Malmö-Valencia,2048.618814505649
Malmö-Naples,1640.5457762396384
Malmö-Dublin,1271.4403657346236
Malmö-Athens,2114.334987974571
Malmö-Barcelona,1766.4979366632824
Malmö-Gothenburg,245.42778041668083
Malmö-Nuremburg,694.2184474248398
Malmö-Braunschweig,404.4207334143514
Malmö-Hanover,417.52761813088983
Malmö-Antwerp,750.9972370901387
Malmö-Brescia,1134.542590131794
Nantes-The Hague,686.885280365184
Nantes-Bremen,987.1039455300216
Nantes-Bonn,744.5359352399184
Nantes-Dresden,1195.4254827709635
Nantes-Bologna,1046.9802538331096
Nantes-London,489.9543311154323
Nantes-Valencia,865.9149466016919
Nantes-Naples,1453.0101652039634
Nantes-Dublin,759.5452713500576
Nantes-Athens,2302.7095032769125
Nantes-Barcelona,712.1875123599641
Nantes-Gothenburg,1482.5178525430056
Nantes-Nuremburg,969.5108793775299
Nantes-Braunschweig,1036.17213696404
Nantes-Hanover,995.6201613880418
Nantes-Antwerp,623.6296463600179
Nantes-Brescia,925.7907826603995
The Hague-Bremen,326.54800049959033
The Hague-Bonn,247.20016814338118
The Hague-Dresden,666.7733512719002
The Hague-Bologna,991.7042265990513
The Hague-London,309.26136516007927
The Hague-Valencia,1446.9636163666664
The Hague-Naples,1463.7459672033158
The Hague-Dublin,725.1939073473059
The Hague-Athens,2178.54151661344
The Hague-Barcelona,1199.1548709886583
The Hague-Gothenburg,797.1038762540188
The Hague-Nuremburg,560.4148087594867
The Hague-Braunschweig,427.72365118842566
The Hague-Hanover,374.8063099459352
The Hague-Antwerp,96.18792093038238
The Hague-Brescia,847.3766889519122
Bremen-Bonn,287.9732901629279
Bremen-Dresden,407.6022890313664
Bremen-Bologna,972.0121336683342
Bremen-London,632.5524553635615
Bremen-Valencia,1667.1189209336953
Bremen-Naples,1421.2838432015412
Bremen-Dublin,1005.0480279131558
Bremen-Athens,2034.2787461784806
Bremen-Barcelona,1392.1664332138062
Bremen-Gothenburg,553.0502634069428
Bremen-Nuremburg,432.40866977835606
Bremen-Braunschweig,147.21858441465653
Bremen-Hanover,100.83987725488706
Bremen-Antwerp,365.2243425502828
Bremen-Brescia,844.608430167104
Bonn-Dresden,470.63805958985046
Bonn-Bologna,761.8071864718238
Bonn-London,511.4127085255521
Bonn-Valencia,1379.8056889903505
Bonn-Naples,1230.8421118105236
Bonn-Dublin,959.7893986013956
Bonn-Athens,1931.4608211290795
Bonn-Barcelona,1104.2830456575825
Bonn-Gothenburg,840.322421795856
Bonn-Nuremburg,317.46169750946655
Bonn-Braunschweig,294.15907972406933
Bonn-Hanover,260.3070604462791
Bonn-Antwerp,196.0877098190496
Bonn-Brescia,621.1053081471852
Dresden-Bologna,750.1718486974457
Dresden-London,967.5372618573347
Dresden-Valencia,1692.9981052517753
Dresden-Naples,1134.1728108138327
Dresden-Dublin,1387.4330645547307
Dresden-Athens,1651.0489251884762
Dresden-Barcelona,1394.219805066083
Dresden-Gothenburg,750.068270775544
Dresden-Nuremburg,260.7195768741935
Dresden-Braunschweig,261.4730263028679
Dresden-Hanover,314.08184509225146
Dresden-Antwerp,654.1037959241702
Dresden-Brescia,666.2035746864776
Bologna-London,1154.4633289773008
Bologna-Valencia,1118.749663760041
Bologna-Naples,472.3910671972542
Bologna-Dublin,1615.339648997171
Bologna-Athens,1263.4795815927012
Bologna-Barcelona,824.8499099809693
Bologna-Gothenburg,1470.0853700958512
Bologna-Nuremburg,551.8724761920244
Bologna-Braunschweig,865.722482117029
Bologna-Hanover,883.4730768582809
Bologna-Antwerp,908.8309613679318
Bologna-Brescia,145.9236190838798
London-Valencia,1338.6448621681493
London-Naples,1620.068282180865
London-Dublin,465.41467940538854
London-Athens,2394.6092291091877
London-Barcelona,1138.2146421067691
London-Gothenburg,1039.7312706005152
London-Nuremburg,824.5988552724501
London-Braunschweig,736.339283146044
London-Hanover,683.8437813307955
London-Antwerp,316.44077140221736
London-Brescia,1009.56010886619
Valencia-Naples,1258.6292125093007
Valencia-Dublin,1606.9967520413202
Valencia-Athens,2096.1598340677197
Valencia-Barcelona,302.75684215052536
Valencia-Gothenburg,2215.607120679913
Valencia-Nuremburg,1432.5438725067686
Valencia-Braunschweig,1650.9737048804327
Valencia-Hanover,1631.4246459634383
Valencia-Antwerp,1358.0390818963876
Valencia-Brescia,1099.5834660643545
Naples-Dublin,2076.3806375419904
Naples-Athens,871.0816764739508
Naples-Barcelona,1021.3911785575879
Naples-Gothenburg,1881.9525300222854
Naples-Nuremburg,989.778224727362
Naples-Braunschweig,1301.0986137664875
Naples-Hanover,1326.9592605580958
Naples-Antwerp,1381.2181472326208
Naples-Brescia,617.86102454799
Dublin-Athens,2859.9603557927217
Dublin-Barcelona,1471.5326669837657
Dublin-Gothenburg,1244.9803294894136
Dublin-Nuremburg,1277.141874586514
Dublin-Braunschweig,1135.474808428713
Dublin-Hanover,1080.8961940747358
Dublin-Antwerp,764.805520285829
Dublin-Brescia,1471.4226279642733
Athens-Barcelona,1883.6580645112913
Athens-Gothenburg,2355.062016624838
Athens-Nuremburg,1628.6819231653744
Athens-Braunschweig,1890.7120389087897
Athens-Hanover,1933.463140278483
Athens-Antwerp,2113.0353507025156
Athens-Brescia,1399.6610292968273
Barcelona-Gothenburg,1944.4083278655912
Barcelona-Nuremburg,1134.3685718424842
Barcelona-Braunschweig,1365.0161950587728
Barcelona-Hanover,1349.111964386721
Barcelona-Antwerp,1106.0918357774665
Barcelona-Brescia,798.0481448172396
Gothenburg-Nuremburg,919.9280234037637
Gothenburg-Braunschweig,612.9500582958669
Gothenburg-Hanover,610.8241205069213
Gothenburg-Antwerp,872.2841074335134
Gothenburg-Brescia,1359.0997295361612
Nuremburg-Braunschweig,314.4685646231444
Nuremburg-Hanover,337.19290112212946
Nuremburg-Antwerp,512.6020695235119
Nuremburg-Brescia,440.43735149117435
Braunschweig-Hanover,54.57896017345947
Braunschweig-Antwerp,437.9378308600195
Braunschweig-Brescia,748.2164521997478
Hanover-Antwerp,389.59237485414064
Hanover-Brescia,760.6141514805608
Antwerp-Brescia,763.5371551974024
